"ID","Term_Description","Fold_Enrichment","occurrence","support","lowest_p","highest_p","Up_regulated","Down_regulated"
"hsa04714","Thermogenesis",13.2970469293708,10,0.0882240522603287,4.17450961874371e-33,1.42066594265506e-16,"","COX5B, COX8A, COX10, NDUFAF6, NDUFAF3, COA3, NDUFA1, NDUFA2, NDUFA3, NDUFA6, NDUFA9, NDUFA10, NDUFB4, NDUFB5, NDUFB8, NDUFB9, NDUFS1, NDUFS2, NDUFS5, NDUFS6, NDUFS8, NDUFV2, NDUFAF1, SDHD, UQCRC2"
"hsa00190","Oxidative phosphorylation",20.0846404261616,10,0.0888969521044993,7.23690853009774e-32,1.63369090826713e-17,"","NDUFB9, NDUFB8, NDUFB5, NDUFB4, NDUFA10, NDUFA9, NDUFA6, NDUFA3, NDUFA2, NDUFA1, NDUFV2, NDUFS8, NDUFS6, NDUFS5, NDUFS2, NDUFS1, COX8A, UQCRC2, COX5B, SDHD, COX10"
"hsa05415","Diabetic cardiomyopathy",14.2157519899455,10,0.109432234432234,8.69628812642716e-30,5.66884276466005e-19,"","PPIF, VDAC3, SLC2A1, NDUFA1, NDUFA2, NDUFA3, NDUFA6, NDUFA9, NDUFA10, NDUFB4, NDUFB5, NDUFB8, NDUFB9, NDUFS1, NDUFS2, NDUFS5, NDUFS6, NDUFS8, NDUFV2, SDHD, UQCRC2, COX5B, COX8A, COL1A1"
"hsa04932","Non-alcoholic fatty liver disease",14.6829363276433,10,0.0856918238993711,1.60482723292118e-29,1.00387203173948e-15,"","COX5B, COX8A, NDUFA1, NDUFA2, NDUFA3, NDUFA6, NDUFA9, NDUFA10, NDUFB4, NDUFB5, NDUFB8, NDUFB9, NDUFS1, NDUFS2, NDUFS5, NDUFS6, NDUFS8, NDUFV2, SDHD, UQCRC2"
"hsa05208","Chemical carcinogenesis - reactive oxygen species",12.9635873068933,10,0.106236897274633,6.00380772070908e-29,1.08945655795514e-16,"","NDUFA1, NDUFA2, NDUFA3, NDUFA6, NDUFA9, NDUFA10, NDUFB4, NDUFB5, NDUFB8, NDUFB9, NDUFS1, NDUFS2, NDUFS5, NDUFS6, NDUFS8, NDUFV2, SDHD, UQCRC2, COX5B, COX8A, PPIF, VDAC3, HIF1A, SOD2"
"hsa05016","Huntington disease",10.1016325509949,10,0.10414673046252,2.48865273662799e-28,5.94636118898834e-16,"","NDUFA1, NDUFA2, NDUFA3, NDUFA6, NDUFA9, NDUFA10, NDUFB4, NDUFB5, NDUFB8, NDUFB9, NDUFS1, NDUFS2, NDUFS5, NDUFS6, NDUFS8, NDUFV2, SDHD, UQCRC2, COX5B, COX8A, HTT, PPIF, VDAC3, SOD2, ATG14"
"hsa05012","Parkinson disease",10.5626586004588,10,0.0886433394720688,1.75219928343174e-27,1.75052860033429e-15,"","NDUFA1, NDUFA2, NDUFA3, NDUFA6, NDUFA9, NDUFA10, NDUFB4, NDUFB5, NDUFB8, NDUFB9, NDUFS1, NDUFS2, NDUFS5, NDUFS6, NDUFS8, NDUFV2, SDHD, UQCRC2, COX5B, COX8A, PPIF, VDAC3, SLC39A9"
"hsa05020","Prion disease",9.97162893207774,10,0.088562091503268,2.29903194793079e-27,2.18827236964326e-15,"","NDUFA1, NDUFA2, NDUFA3, NDUFA6, NDUFA9, NDUFA10, NDUFB4, NDUFB5, NDUFB8, NDUFB9, NDUFS1, NDUFS2, NDUFS5, NDUFS6, NDUFS8, NDUFV2, SDHD, UQCRC2, COX5B, COX8A, PPIF, VDAC3"
"hsa04723","Retrograde endocannabinoid signaling",15.3809775628919,10,0.0738469601677149,2.29841586885372e-26,4.38523152467837e-15,"","GABRB1, GNB2, NDUFA1, NDUFA2, NDUFA3, NDUFA6, NDUFA9, NDUFA10, NDUFB4, NDUFB5, NDUFB8, NDUFB9, NDUFS1, NDUFS2, NDUFS5, NDUFS6, NDUFS8, NDUFV2"
"hsa00900","Terpenoid backbone biosynthesis",9.92846170726355,9,0.00555555555555556,4.56938473297022e-06,4.56938473297022e-06,"","PDSS1, ZMPSTE24"
"hsa01230","Biosynthesis of amino acids",4.40488089829298,10,0.00617495711835334,9.59723428209742e-06,0.0479742055208686,"","SHMT2, ACO2, IDH3A"
"hsa00510","N-Glycan biosynthesis",10.2204752868889,10,0.0163120567375887,3.58791629573616e-05,0.0246727025927428,"","DPM3, STT3B, DPM1, ALG8, MGAT1"
"hsa00020","Citrate cycle (TCA cycle)",14.8926925608953,10,0.0134502923976608,4.71211931742676e-05,0.0484768270507415,"","IDH3A, ACO2, DLAT, SDHD"
"hsa01200","Carbon metabolism",6.82001808863431,10,0.0161364950838635,5.05200587574276e-05,0.000906575740410724,"","HK2, DLAT, SDHD, IDH3A, ACO2, SHMT2, HIBCH"
"hsa00630","Glyoxylate and dicarboxylate metabolism",12.0287132222616,10,0.0246998284734134,7.33771268021633e-05,0.00630769660342117,"","ACO2, GRHPR, SHMT2"
"hsa01210","2-Oxocarboxylic acid metabolism",9.47716799329703,6,0.0110193673729585,7.83997065287361e-05,0.000153693259328532,"","ACO2, IDH3A, DLAT"
"hsa05230","Central carbon metabolism in cancer",6.51555299539171,10,0.0143049932523617,0.000142530310095449,0.000397472657427746,"","SLC2A1, HIF1A, LDHA, HK2"
"hsa05205","Proteoglycans in cancer",2.74339073490177,10,0.0137314439946019,0.000323127740755992,0.0222469359277536,"","PXN, HIF1A, IL12B, COL1A1, CD63"
"hsa03083","Polycomb repressive complex",4.3437019969278,7,0.0159574468085106,0.000355943671156523,0.00056820750583921,"","SUZ12, RNF2, SCML2"
"hsa04066","HIF-1 signaling pathway",5.31881877174833,10,0.0107576633892423,0.00051855147868829,0.00144281688307558,"","HIF1A, SLC2A1, LDHA, HK2, PFKFB3"
"hsa04613","Neutrophil extracellular trap formation",2.0047855370436,10,0.00571895424836601,0.00257997562935419,0.00257997562935419,"","PPIF, VDAC3"
"hsa04979","Cholesterol metabolism",8.68740399385561,7,0.0106382978723404,0.0028161283066141,0.0305287166918891,"","APOC3, LDLR, NPC1, VDAC3"
"hsa04148","Efferocytosis",2.1718509984639,10,0.00571895424836601,0.00288084691617072,0.00288084691617072,"","AXL, HIF1A, SLC2A1"
"hsa05017","Spinocerebellar ataxia",3.30948723575452,10,0.00571895424836601,0.00459136054970824,0.00459136054970824,"","ATG14, DAB1, PPIF, VDAC3"
"hsa03430","Mismatch repair",4.53255860548988,5,0.00549450549450549,0.00491203693762996,0.00687259623673515,"","LIG1"
"hsa04728","Dopaminergic synapse",1.81302344219595,5,0.00549450549450549,0.0049677697699207,0.0049677697699207,"","GNB2, CLOCK"
"hsa04260","Cardiac muscle contraction",5.48678146980354,1,0.00526315789473684,0.00656485656982714,0.00656485656982714,"","COX5B, COX8A, UQCRC2, TRDN"
"hsa04022","cGMP-PKG signaling pathway",1.41835167246622,10,0.00571895424836601,0.00728546703690573,0.00728546703690573,"","PPIF, VDAC3"
"hsa05203","Viral carcinogenesis",1.39931339498345,5,0.00549450549450549,0.00758597052483686,0.00758597052483686,"","PXN, VDAC3"
"hsa00051","Fructose and mannose metabolism",10.7843635785794,8,0.00571895424836601,0.00787698089346251,0.0483465898298597,"","HK2, PFKFB3, PMM2"
"hsa04142","Lysosome",3.28342828114228,5,0.00549450549450549,0.00915942934484225,0.00915942934484225,"","PSAPL1, SCARB2, CD63, NPC1"
"hsa03030","DNA replication",3.06614258606668,5,0.00549450549450549,0.0108777850704961,0.015214541325546,"","LIG1"
"hsa01250","Biosynthesis of nucleotide sugars",6.13228517213337,1,0.00555555555555556,0.0108777850704961,0.0108777850704961,"","HK2, PMM2"
"hsa05170","Human immunodeficiency virus 1 infection",2.35590616782525,1,0.00555555555555556,0.012686499332815,0.012686499332815,"","GNB2, PXN, IFNA4, SAMHD1"
"hsa00640","Propanoate metabolism",7.18957571905292,5,0.010989010989011,0.0146803128608304,0.0235558419949724,"","HIBCH, LDHA"
"hsa00513","Various types of N-glycan biosynthesis",5.21244239631336,10,0.00870020964360587,0.0151134915808736,0.0211352014068983,"","STT3B, MGAT1"
"hsa03410","Base excision repair",2.48211542681589,5,0.00549450549450549,0.0166790334937014,0.0233231314723663,"","LIG1"
"hsa00520","Amino sugar and nucleotide sugar metabolism",4.96423085363178,1,0.00555555555555556,0.0166790334937014,0.0166790334937014,"","HK2, PMM2"
"hsa05166","Human T-cell leukemia virus 1 infection",1.04248847926267,10,0.00571895424836601,0.0182545244241099,0.0182545244241099,"","SLC2A1, VDAC3"
"hsa00620","Pyruvate metabolism",7.10787599497277,10,0.014697549227936,0.0183213041983457,0.0341151987636387,"","LDHA, GRHPR, DLAT"
"hsa04510","Focal adhesion",1.12095535404588,5,0.00549450549450549,0.0208835426950714,0.0208835426950714,"","PXN, COL1A1"
"hsa04020","Calcium signaling pathway",1.8051748558661,10,0.00571895424836601,0.0280095609264466,0.0280095609264466,"","VDAC3, PPIF, TRDN, FGF17"
"hsa03420","Nucleotide excision repair",1.82892715660118,5,0.00549450549450549,0.0308625583002706,0.0431375904219637,"","LIG1"
"hsa05167","Kaposi sarcoma-associated herpesvirus infection",2.35590616782525,5,0.00549450549450549,0.0326561631238102,0.0326561631238102,"","IFNA4, GNB2, HIF1A, ATG14"
"hsa05211","Renal cell carcinoma",3.36286606213765,2,0.00580422855613542,0.036545531888689,0.036545531888689,"","SLC2A1, HIF1A"
"hsa00010","Glycolysis / Gluconeogenesis",4.96423085363178,3,0.00549450549450549,0.0377392915329103,0.0377392915329103,"","DLAT, LDHA, HK2"
"hsa04370","VEGF signaling pathway",2.0047855370436,1,0.00526315789473684,0.0477513380005703,0.0477513380005703,"","PXN"
"hsa00260","Glycine, serine and threonine metabolism",5.48678146980354,6,0.00550968368647927,0.0496930486747266,0.0496930486747266,"","SHMT2, GRHPR"
