"","ID","Term_Description","Fold_Enrichment","occurrence","support","lowest_p","highest_p","Up_regulated","Down_regulated","freq"
"1","R-HSA-6799198","Complex I biogenesis",57.7847718526663,10,0.177325581395349,4.63263011258069e-46,2.44126360275387e-45,"","ACAD9, NDUFA1, NDUFA10, NDUFA11, NDUFA13, NDUFA2, NDUFA3, NDUFA6, NDUFA9, NDUFAF1, NDUFAF2, NDUFAF3, NDUFAF4, NDUFAF5, NDUFAF6, NDUFB11, NDUFB4, NDUFB5, NDUFB8, NDUFB9, NDUFS1, NDUFS2, NDUFS5, NDUFS6, NDUFS8, NDUFV2, TIMMDC1, TMEM126B, TMEM186",29
"2","R-HSA-1428517","The citric acid (TCA) cycle and respiratory electron transport",26.4215887850467,10,0.243456790123457,4.25293133159939e-40,3.00338916521004e-39,"","ACAD9, ACO2, COX5B, COX8A, DLAT, IDH3A, LDHA, NDUFA1, NDUFA10, NDUFA11, NDUFA13, NDUFA2, NDUFA3, NDUFA6, NDUFA9, NDUFAF1, NDUFAF2, NDUFAF3, NDUFAF4, NDUFAF5, NDUFAF6, NDUFB11, NDUFB4, NDUFB5, NDUFB8, NDUFB9, NDUFS1, NDUFS2, NDUFS5, NDUFS6, NDUFS8, NDUFV2, PM20D1, SDHD, SURF1, TIMMDC1, TMEM126B, TMEM186, UQCRC2",39
"3","R-HSA-611105","Respiratory electron transport",37.1519445281881,10,0.224800664451827,8.33237311969556e-39,4.36650433125462e-38,"","ACAD9, COX5B, COX8A, NDUFA1, NDUFA10, NDUFA11, NDUFA13, NDUFA2, NDUFA3, NDUFA6, NDUFA9, NDUFAF1, NDUFAF2, NDUFAF3, NDUFAF4, NDUFAF5, NDUFAF6, NDUFB11, NDUFB4, NDUFB5, NDUFB8, NDUFB9, NDUFS1, NDUFS2, NDUFS5, NDUFS6, NDUFS8, NDUFV2, SDHD, SURF1, TIMMDC1, TMEM126B, TMEM186, UQCRC2",34
"4","R-HSA-163200","Respiratory electron transport, ATP synthesis by chemiosmotic coupling, and heat production by uncoupling proteins.",35.9267912772586,10,0.224800664451827,4.23797346337642e-38,2.21910120720742e-37,"","ACAD9, COX5B, COX8A, NDUFA1, NDUFA10, NDUFA11, NDUFA13, NDUFA2, NDUFA3, NDUFA6, NDUFA9, NDUFAF1, NDUFAF2, NDUFAF3, NDUFAF4, NDUFAF5, NDUFAF6, NDUFB11, NDUFB4, NDUFB5, NDUFB8, NDUFB9, NDUFS1, NDUFS2, NDUFS5, NDUFS6, NDUFS8, NDUFV2, PM20D1, SDHD, SURF1, TIMMDC1, TMEM126B, TMEM186, UQCRC2",35
"5","R-HSA-5368287","Mitochondrial translation",6.55622550497437,10,0.015827517447657,3.50638243471962e-10,7.10778326896114e-06,"","DAP3, GFM2, MRPS23, MRPS5, MRRF, MTIF2",6
"6","R-HSA-5419276","Mitochondrial translation termination",5.84031582339671,10,0.015827517447657,4.06032292217988e-08,0.000117454944330012,"","DAP3, GFM2, MRPS23, MRPS5, MRRF",5
"7","R-HSA-5368286","Mitochondrial translation initiation",4.67225265871737,10,0.015827517447657,5.85679401392773e-06,0.00186622211719311,"","DAP3, MRPS23, MRPS5, MTIF2",4
"8","R-HSA-71406","Pyruvate metabolism and Citric Acid (TCA) cycle",9.23831775700934,10,0.0177029661607019,5.47332496247433e-05,5.47332496247433e-05,"","ACO2, DLAT, IDH3A, LDHA, SDHD",5
"9","R-HSA-71403","Citric acid cycle (TCA cycle)",13.857476635514,10,0.00590098872023395,0.000163356640749846,0.000163356640749846,"","ACO2, IDH3A, SDHD",3
"10","R-HSA-5689880","Ub-specific processing proteases",2.3496299497596,9,0.00581395348837209,0.000360548493302974,0.020785987234121,"","HIF1A, USP24, USP34, VDAC3",4
"11","R-HSA-9645723","Diseases of programmed cell death",4.72658117800478,6,0.00581395348837209,0.000609492596661716,0.000609492596661716,"","SOD2, SUZ12",2
"12","R-HSA-5389840","Mitochondrial translation elongation",3.50418949403803,10,0.015827517447657,0.000637958773422055,0.0110682162260671,"","DAP3, MRPS23, MRPS5",3
"13","R-HSA-1268020","Mitochondrial protein import",6.6637046116133,10,0.00603197674418605,0.00110968407727857,0.00177194393277402,"","ACO2, CHCHD5, COQ2, NDUFB8",4
"14","R-HSA-70268","Pyruvate metabolism",6.55622550497437,10,0.00590098872023395,0.00143761787394193,0.00143761787394193,"","DLAT, LDHA",2
"15","R-HSA-5694530","Cargo concentration in the ER",6.1588785046729,9,0.00598802395209581,0.00174364634467398,0.00174364634467398,"","F8, TMED2",2
"16","R-HSA-199977","ER to Golgi Anterograde Transport",2.98886750962067,9,0.00598802395209581,0.00212359719595558,0.00212359719595558,"","COG3, F8, TMED2, TMED9",4
"17","R-HSA-2559580","Oxidative Stress Induced Senescence",3.07943925233645,6,0.00581395348837209,0.0022510184215752,0.0022510184215752,"","RNF2, SUZ12",2
"18","R-HSA-5688426","Deubiquitination",1.61946606098969,8,0.00590098872023395,0.0022701197136999,0.00403098199003415,"","HIF1A, USP24, USP34, VDAC3",4
"19","R-HSA-400253","Circadian Clock",2.94555058919139,10,0.00608043172913432,0.00257602165044241,0.00257602165044241,"","CLOCK, HIF1A",2
"20","R-HSA-5696399","Global Genome Nucleotide Excision Repair (GG-NER)",2.41955941255007,1,0.00581395348837209,0.00292857684466397,0.00292857684466397,"","LIG1, UBE2N",2
"21","R-HSA-948021","Transport to the Golgi and subsequent modification",3.06088841346695,9,0.00598802395209581,0.00469954470582751,0.00469954470582751,"","COG3, F8, MGAT1, TMED2, TMED9",5
"22","R-HSA-1362409","Mitochondrial iron-sulfur cluster biogenesis",16.9369158878505,7,0.00598802395209581,0.00476971685954388,0.00504332546369899,"","GLRX5, ISCA1",2
"23","R-HSA-190373","FGFR1c ligand binding and activation",9.23831775700934,8,0.00581395348837209,0.00530445122843877,0.00530445122843877,"","FGF17",1
"24","R-HSA-1839122","Signaling by activated point mutants of FGFR1",9.23831775700934,8,0.00581395348837209,0.00530445122843877,0.00530445122843877,"","FGF17",1
"25","R-HSA-5696398","Nucleotide Excision Repair",1.84766355140187,1,0.00581395348837209,0.00660946488165447,0.00660946488165447,"","LIG1, UBE2N",2
"26","R-HSA-9701898","STAT3 nuclear events downstream of ALK signaling",10.1621495327103,10,0.00590098872023395,0.00809836341046059,0.00809836341046059,"","HIF1A",1
"27","R-HSA-1234158","Regulation of gene expression by Hypoxia-inducible Factor",9.23831775700934,10,0.00608043172913432,0.00989617881627673,0.00989617881627673,"","HIF1A",1
"28","R-HSA-190242","FGFR1 ligand binding and activation",6.77476635514019,8,0.00581395348837209,0.0101217120498637,0.0101217120498637,"","FGF17",1
"29","R-HSA-3928663","EPHA-mediated growth cone collapse",6.77476635514019,8,0.00590098872023395,0.0101217120498637,0.0101217120498637,"","MYH9",1
"30","R-HSA-5654219","Phospholipase C-mediated cascade: FGFR1",6.35134345794392,8,0.00581395348837209,0.0115662519762333,0.0115662519762333,"","FGF17",1
"31","R-HSA-5358606","Mismatch repair (MMR) directed by MSH2:MSH3 (MutSbeta)",7.2586782376502,1,0.00581395348837209,0.0122779986776758,0.0122779986776758,"","LIG1",1
"32","R-HSA-5358565","Mismatch repair (MMR) directed by MSH2:MSH6 (MutSalpha)",7.2586782376502,1,0.00581395348837209,0.0122779986776758,0.0122779986776758,"","LIG1",1
"33","R-HSA-446728","Cell junction organization",2.4785730567586,7,0.00598802395209581,0.0126962067703757,0.0126962067703757,"","CDH7, PXN",2
"34","R-HSA-9710421","Defective pyroptosis",7.81703810208483,7,0.00581395348837209,0.0140294174468488,0.0180317395964238,"","SUZ12",1
"35","R-HSA-5358508","Mismatch Repair",6.77476635514019,1,0.00581395348837209,0.0141647494770114,0.0141647494770114,"","LIG1",1
"36","R-HSA-69183","Processive synthesis on the lagging strand",6.77476635514019,1,0.00581395348837209,0.0141647494770114,0.0141647494770114,"","LIG1",1
"37","R-HSA-204005","COPII-mediated vesicle transport",2.98886750962067,9,0.00598802395209581,0.0158048011266062,0.0158048011266062,"","F8, TMED2",2
"38","R-HSA-212300","PRC2 methylates histones and DNA",7.2586782376502,7,0.00581395348837209,0.0163646424724127,0.0210325144196437,"","SUZ12",1
"39","R-HSA-8978934","Metabolism of cofactors",26.7424987702902,10,0.0230564784053156,0.0164758443624229,0.030722863798071,"","COQ2, COQ5, COQ7, PDSS1, PDSS2",5
"40","R-HSA-392851","Prostacyclin signalling through prostacyclin receptor",5.34849975405804,3,0.00571428571428571,0.0164758443624229,0.0164758443624229,"","GNB2",1
"41","R-HSA-196854","Metabolism of vitamins and cofactors",6.17589198120514,7,0.00581395348837209,0.0169468801189414,0.0169468801189414,"","APOC3, COQ2, COQ5, COQ7, LDLR, MMAB, PDSS1, PDSS2, SHMT2, SLC2A1, UBIAD1",11
"42","R-HSA-2559583","Cellular Senescence",1.56340762041697,6,0.00581395348837209,0.0174052153033653,0.0174052153033653,"","RNF2, SUZ12",2
"43","R-HSA-9609507","Protein localization",2.55651560571328,10,0.00590098872023395,0.0199954114364304,0.0318207359394532,"","ACO2, CHCHD5, COQ2, NDUFB8",4
"44","R-HSA-5654689","PI-3K cascade:FGFR1",4.83911882510013,8,0.00581395348837209,0.0202285291071455,0.0202285291071455,"","FGF17",1
"45","R-HSA-5654688","SHC-mediated cascade:FGFR1",4.83911882510013,8,0.00581395348837209,0.0202285291071455,0.0202285291071455,"","FGF17",1
"46","R-HSA-5609975","Diseases associated with glycosylation precursor biosynthesis",16.9369158878505,9,0.00598802395209581,0.0206305710773597,0.0353320097685643,"","DPM1, DPM3, PMM2",3
"47","R-HSA-446353","Cell-extracellular matrix interactions",6.35134345794392,6,0.00581395348837209,0.0215718087027293,0.0215718087027293,"","PXN",1
"48","R-HSA-392170","ADP signalling through P2Y purinoceptor 12",4.61915887850467,10,0.00590098872023395,0.0222486522586099,0.0414799121220811,"","GNB2",1
"49","R-HSA-9662851","Anti-inflammatory response favouring Leishmania parasite infection",1.01621495327103,9,0.00617283950617284,0.0228546840278414,0.0228546840278414,"","GNB2, MYH9",2
"50","R-HSA-9664433","Leishmania parasite growth and survival",1.01621495327103,9,0.00617283950617284,0.0228546840278414,0.0228546840278414,"","GNB2, MYH9",2
"51","R-HSA-174414","Processive synthesis on the C-strand of the telomere",5.34849975405804,1,0.00581395348837209,0.0230541616610729,0.0230541616610729,"","LIG1",1
"52","R-HSA-5654693","FRS-mediated FGFR1 signaling",4.41832588378708,8,0.00581395348837209,0.0243645820945573,0.0243645820945573,"","FGF17",1
"53","R-HSA-69186","Lagging Strand Synthesis",5.08107476635514,1,0.00581395348837209,0.0256118074707553,0.0256118074707553,"","LIG1",1
"54","R-HSA-5627123","RHO GTPases activate PAKs",4.83911882510013,10,0.00590098872023395,0.0283034466525602,0.0484636957239747,"","MYH9",1
"55","R-HSA-5651801","PCNA-Dependent Long Patch Base Excision Repair",4.83911882510013,1,0.00581395348837209,0.0283034466525602,0.0283034466525602,"","LIG1",1
"56","R-HSA-6807878","COPI-mediated anterograde transport",3.67306609616034,10,0.00590098872023395,0.0288113887350471,0.0288113887350471,"","COG3, TMED2, TMED9",3
"57","R-HSA-5628897","TP53 Regulates Metabolic Genes",3.6293391188251,10,0.00590098872023395,0.0298671305916033,0.0298671305916033,"","COX5B, COX8A, SURF1",3
"58","R-HSA-1500931","Cell-Cell communication",1.75209474701901,7,0.00598802395209581,0.0359967767688844,0.0359967767688844,"","CDH7, PXN",2
"59","R-HSA-110373","Resolution of AP sites via the multiple-nucleotide patch replacement pathway",4.23422897196262,1,0.00581395348837209,0.037181706148666,0.037181706148666,"","LIG1",1
"60","R-HSA-446203","Asparagine N-linked glycosylation",3.24323921256711,9,0.00598802395209581,0.038064287016535,0.038064287016535,"","ALG8, COG3, DPM1, DPM3, F8, MGAT1, PMM2, TMED2, TMED9",9
"61","R-HSA-180292","GAB1 signalosome",5.97773501924134,10,0.00590098872023395,0.0392481618006704,0.0392481618006704,"","PXN",1
"62","R-HSA-5627117","RHO GTPases Activate ROCKs",5.34849975405804,10,0.00590098872023395,0.0394802411420084,0.0394802411420084,"","MYH9",1
"63","R-HSA-5625900","RHO GTPases activate CIT",5.34849975405804,10,0.00590098872023395,0.0394802411420084,0.0394802411420084,"","MYH9",1
"64","R-HSA-5696397","Gap-filling DNA repair synthesis and ligation in GG-NER",4.06485981308411,1,0.00581395348837209,0.0404087006223694,0.0404087006223694,"","LIG1",1
"65","R-HSA-195258","RHO GTPase Effectors",0.839847068819031,1,0.00735294117647059,0.0404176185823932,0.0404176185823932,"","DAAM1, MYH9",2
"66","R-HSA-1839124","FGFR1 mutant receptor activation",3.38738317757009,8,0.00581395348837209,0.0418557082055756,0.0418557082055756,"","FGF17",1
"67","R-HSA-5654687","Downstream signaling of activated FGFR1",3.27811275248719,8,0.00581395348837209,0.0447368189203761,0.0447368189203761,"","FGF17",1
"68","R-HSA-5654726","Negative regulation of FGFR1 signaling",3.17567172897196,8,0.00581395348837209,0.0477134182803444,0.0477134182803444,"","FGF17",1
"69","R-HSA-8964038","LDL clearance",10.6969995081161,9,0.00581395348837209,0.049324585950575,0.049324585950575,"","LDLR, NPC1",2
